﻿<AML>
 <Item type="Method" id="EEDA6D968AE14CE3A78A3CFF1122E4E6" action="add">
  <comments>Click Method for custom 'Structure Browser' CUI element</comments>
  <execution_allowed_to keyed_name="World" type="Identity">A73B655731924CD0B027E4F4D5FCC0A9</execution_allowed_to>
  <method_code><![CDATA[var topWindow = aras.getMostTopWindowWithAras(window);
var workerFrame = topWindow.work;
if (workerFrame.currItemType && workerFrame.Dependencies && workerFrame.Dependencies.View) {
	// workerFrame.Dependencies.View(workerFrame.itemTypeName, inArgs.rowId, false, aras); // Linkt auf Pseudo-ItemType
	workerFrame.Dependencies.View("Part", workerFrame.grid.getSelectedID(), false, aras); // Linkt auf Part
	return;
}]]></method_code>
  <method_type>JavaScript</method_type>
  <name>BPL_fake_part_StructureBrowser</name>
 </Item>
</AML>