﻿<AML>
 <Item type="Method" id="3361552EEFB340AAB4D02D7E77611842" action="add">
  <comments>Click Method for custom 'Create New' CUI element in TOC</comments>
  <execution_allowed_to keyed_name="World" type="Identity">A73B655731924CD0B027E4F4D5FCC0A9</execution_allowed_to>
  <method_code><![CDATA[// overwride type Attribute, shall use 'Part' instead of 'Fake Part'
inDom.setAttribute("type","Part");
top.aras.evalMethod('OnShowItemDefault', inDom, inArgs);]]></method_code>
  <method_type>JavaScript</method_type>
  <name>BPL_fake_part_pmtoc_NewItem</name>
 </Item>
</AML>