﻿<AML>
 <Item type="Method" id="B7BC3D43FC064ED9BAA023789BEF4CD7" action="add">
  <comments>Click Method for custom 'Unlock'' CUI element</comments>
  <execution_allowed_to keyed_name="World" type="Identity">A73B655731924CD0B027E4F4D5FCC0A9</execution_allowed_to>
  <method_code><![CDATA[var inn = this.getInnovator();

var topWindow = aras.getMostTopWindowWithAras(window); 
if (topWindow.work && topWindow.work.grid) 
{ 
    var workFrame = topWindow.work; 
    
    // Todo: Add option to handle multible items at the same time
    // var selectedIds = workFrame.grid.getSelectedItemIds(',').split(',');
    var id = workFrame.grid.getSelectedID();
    
    var item = inn.getItemById("Part", id);
    item.setAction("unlock");
    item.setAttribute("doGetItem", "0");
    item = item.apply();
    if (item.isError()) 
    {
	    return aras.AlertError(item.getErrorString());
    }
    main.work.searchContainer.runSearch(); // perform a new search to see status updates
    workFrame.grid.setSelectedRow(id, true); // reset focus to selected cell
    workFrame.grid.getSelectedID();
    // Todo: Focus is lost when performing multible locks/unlocks
}

return item;]]></method_code>
  <method_type>JavaScript</method_type>
  <name>BPL_fake_part_Unlock</name>
 </Item>
</AML>