﻿<AML>
 <Item type="CommandBarButton" id="1DBBA6CC397A4835BDCE222626825650" action="add">
  <additional_data>{ "cui_disabled": "true" }</additional_data>
  <image>../Images/DeleteItem.svg</image>
  <include_events>SelectInToc,SelectInGrid</include_events>
  <label xml:lang="en">Delete</label>
  <on_click_handler keyed_name="BPL_fake_part_Delete" type="Method">2D356F3C74E447BE96AC1B4F847C5DD5</on_click_handler>
  <on_init_handler keyed_name="cui_reinit_mwt_delete" type="Method">EE5CA17530F149FC8484AEF8D88123E8</on_init_handler>
  <tooltip_template xml:lang="en">Delete Item</tooltip_template>
  <name>BPL_fake_part_Delete</name>
 </Item>
</AML>