﻿<AML>
 <Item type="CommandBarButton" id="EAE866A94B4F45D89CF057214BC1ED39" action="add">
  <additional_data>{ "cui_disabled": "true" }</additional_data>
  <image>../Images/SaveAs.svg</image>
  <include_events>SelectInToc,SelectInGrid</include_events>
  <label xml:lang="en">Save As</label>
  <on_click_handler keyed_name="BPL_fake_part_SaveAs" type="Method">A8A817E45BAC4845809ECCD136D1D835</on_click_handler>
  <on_init_handler keyed_name="cui_reinit_mwt_saveAs" type="Method">3E8501DE6C6749258BDAC6DE6271C909</on_init_handler>
  <tooltip_template xml:lang="en">Copy and Save Item</tooltip_template>
  <name>BPL_fake_part_SaveAs</name>
 </Item>
</AML>