﻿<AML>
 <Item type="CommandBarSectionItem" id="6E76DA9A935546FEA6A293F77312C497" action="add">
  <action>Replace</action>
  <alternate keyed_name="BPL_fake_part_StructureBrowser" type="CommandBarItem">12DB2EF483CE4090A863EE944890B9FC</alternate>
  <related_id keyed_name="com.aras.innovator.cui_default.pmig_Structure Browser" type="CommandBarItem">
   <Item type="CommandBarMenu" id="56D31C035C524E2BA6845FC4D3C261B5" action="add">
    <additional_data>{ "cui_resource_key": "itemsgrid.cntxt_menu.structure_browser" }</additional_data>
    <on_click_handler keyed_name="cui_default_pmig_StructBrowser" type="Method">A9D6261EDD9C4DA68DD5B6B724DF2237</on_click_handler>
    <name>com.aras.innovator.cui_default.pmig_Structure Browser</name>
   </Item>
  </related_id>
  <role keyed_name="World" type="Identity">A73B655731924CD0B027E4F4D5FCC0A9</role>
  <sort_order>10</sort_order>
  <source_id keyed_name="bpl_fake_part_MainWindowPopupMenu" type="CommandBarSection">3B72529B71B34E1CACFA48B9705820CC</source_id>
 </Item>
</AML>