﻿<AML>
 <Item type="CommandBarSectionItem" id="BBD897E9913A4EBD85F18899A49484C5" action="add">
  <action>Replace</action>
  <alternate keyed_name="BPL_fake_part_Delete" type="CommandBarItem">1DBBA6CC397A4835BDCE222626825650</alternate>
  <related_id keyed_name="com.aras.innovator.cui_default.mwt_main_toolbar_delete" type="CommandBarItem">
   <Item type="CommandBarButton" id="35A0ABA759C24702A4E15EDA60291543" action="add">
    <additional_data>{ "cui_disabled": "true" }</additional_data>
    <image>../images/DeleteItem.svg</image>
    <include_events>SelectInToc,SelectInGrid</include_events>
    <label xml:lang="en">Delete</label>
    <on_click_handler keyed_name="cui_default_mwt_onDeleteCommand" type="Method">8C5E209ACC5E44B28CFDF953B8B7BF50</on_click_handler>
    <on_init_handler keyed_name="cui_reinit_mwt_delete" type="Method">3BA8EA1B487D4145BDA872031AFE4C09</on_init_handler>
    <tooltip_template xml:lang="en">Delete Item</tooltip_template>
    <name>com.aras.innovator.cui_default.mwt_main_toolbar_delete</name>
   </Item>
  </related_id>
  <role keyed_name="World" type="Identity">A73B655731924CD0B027E4F4D5FCC0A9</role>
  <sort_order>50</sort_order>
  <source_id keyed_name="bpl_fake_part_MainWindowToolbar" type="CommandBarSection">74D304862B034BFBBB08BD49F1F61013</source_id>
 </Item>
</AML>