﻿<AML>
 <Item type="PresentationConfiguration" id="FBFAA95D81C84D2DAF67DF22B07F0A7D" action="add">
  <secondary_icon>../Images/PartOff.svg</secondary_icon>
  <style>background-color: rgba(137, 89, 171, 0.65);</style>
  <name>bpl_fake_part_presentation_configuration</name>
  <Relationships>
   <Item type="PresentationCommandBarSection" id="5FD6B1ED5CCB4D5EA3326F80F1726064" action="add">
    <related_id keyed_name="bpl_fake_part_MainWindowToolbar" type="CommandBarSection">74D304862B034BFBBB08BD49F1F61013</related_id>
    <role keyed_name="World" type="Identity">A73B655731924CD0B027E4F4D5FCC0A9</role>
    <sort_order>10</sort_order>
    <source_id keyed_name="bpl_fake_part_presentation_configuration" type="PresentationConfiguration">FBFAA95D81C84D2DAF67DF22B07F0A7D</source_id>
   </Item>
   <Item type="PresentationCommandBarSection" id="F8E52525D43249D8A1D4FD2CD9D0D400" action="add">
    <related_id keyed_name="bpl_fake_part_MainWindowPopupMenu" type="CommandBarSection">3B72529B71B34E1CACFA48B9705820CC</related_id>
    <role keyed_name="World" type="Identity">A73B655731924CD0B027E4F4D5FCC0A9</role>
    <sort_order>20</sort_order>
    <source_id keyed_name="bpl_fake_part_presentation_configuration" type="PresentationConfiguration">FBFAA95D81C84D2DAF67DF22B07F0A7D</source_id>
   </Item>
  </Relationships>
 </Item>
</AML>